epoch,loss,lr
0,0.021123714917695678,0.001
1,0.021019047924788103,0.001
2,0.020907632501737036,0.001
